tick,actor_id,type,x,y,heading,velocity
0,0,car,53.028572,5.250000,3.141593,6.834348
0,1,car,38.946339,5.250000,3.141593,10.968502
0,2,car,21.239780,5.250000,3.141593,5.999749
0,3,car,49.647045,1.750000,3.141593,8.337086
0,4,pedestrian,-39.284649,8.000000,3.141593,1.562109
0,5,pedestrian,-52.735706,-8.000000,0.000000,0.584617
0,6,pedestrian,8.000000,24.419863,-1.570796,1.748664
0,7,pedestrian,8.000000,-31.642696,-1.570796,0.501168
1,0,car,53.028572,5.250000,3.141593,6.834348
1,1,car,38.946339,5.250000,3.141593,10.968502
1,2,car,21.239780,5.250000,3.141593,5.999749
1,3,car,49.647045,1.750000,3.141593,8.337086
1,4,pedestrian,-39.284649,8.000000,3.141593,1.562109
1,5,pedestrian,-52.735706,-8.000000,0.000000,0.584617
1,6,pedestrian,8.000000,24.419863,-1.570796,1.748664
1,7,pedestrian,8.000000,-31.642696,-1.570796,0.501168
2,0,car,53.028572,5.250000,3.141593,6.834348
2,1,car,38.946339,5.250000,3.141593,10.968502
2,2,car,21.239780,5.250000,3.141593,5.999749
2,3,car,49.647045,1.750000,3.141593,8.337086
2,4,pedestrian,-39.284649,8.000000,3.141593,1.562109
2,5,pedestrian,-52.735706,-8.000000,0.000000,0.584617
2,6,pedestrian,8.000000,24.419863,-1.570796,1.748664
2,7,pedestrian,8.000000,-31.642696,-1.570796,0.501168
3,0,car,53.028572,5.250000,3.141593,6.834348
3,1,car,38.946339,5.250000,3.141593,10.968502
3,2,car,21.239780,5.250000,3.141593,5.999749
3,3,car,49.647045,1.750000,3.141593,8.337086
3,4,pedestrian,-39.284649,8.000000,3.141593,1.562109
3,5,pedestrian,-52.735706,-8.000000,0.000000,0.584617
3,6,pedestrian,8.000000,24.419863,-1.570796,1.748664
3,7,pedestrian,8.000000,-31.642696,-1.570796,0.501168
4,0,car,53.028572,5.250000,3.141593,6.834348
4,1,car,38.946339,5.250000,3.141593,10.968502
4,2,car,21.239780,5.250000,3.141593,5.999749
4,3,car,49.647045,1.750000,3.141593,8.337086
4,4,pedestrian,-39.284649,8.000000,3.141593,1.562109
4,5,pedestrian,-52.735706,-8.000000,0.000000,0.584617
4,6,pedestrian,8.000000,24.419863,-1.570796,1.748664
4,7,pedestrian,8.000000,-31.642696,-1.570796,0.501168
5,0,car,53.028572,5.250000,3.141593,6.834348
5,1,car,38.946339,5.250000,3.141593,10.968502
5,2,car,21.239780,5.250000,3.141593,5.999749
5,3,car,49.647045,1.750000,3.141593,8.337086
5,4,pedestrian,-39.284649,8.000000,3.141593,1.562109
5,5,pedestrian,-52.735706,-8.000000,0.000000,0.584617
5,6,pedestrian,8.000000,24.419863,-1.570796,1.748664
5,7,pedestrian,8.000000,-31.642696,-1.570796,0.501168
6,0,car,53.028572,5.250000,3.141593,6.834348
6,1,car,38.946339,5.250000,3.141593,10.968502
6,2,car,21.239780,5.250000,3.141593,5.999749
6,3,car,49.647045,1.750000,3.141593,8.337086
6,4,pedestrian,-39.284649,8.000000,3.141593,1.562109
6,5,pedestrian,-52.735706,-8.000000,0.000000,0.584617
6,6,pedestrian,8.000000,24.419863,-1.570796,1.748664
6,7,pedestrian,8.000000,-31.642696,-1.570796,0.501168
7,0,car,53.028572,5.250000,3.141593,6.834348
7,1,car,38.946339,5.250000,3.141593,10.968502
7,2,car,21.239780,5.250000,3.141593,5.999749
7,3,car,49.647045,1.750000,3.141593,8.337086
7,4,pedestrian,-39.284649,8.000000,3.141593,1.562109
7,5,pedestrian,-52.735706,-8.000000,0.000000,0.584617
7,6,pedestrian,8.000000,24.419863,-1.570796,1.748664
7,7,pedestrian,8.000000,-31.642696,-1.570796,0.501168
8,0,car,53.028572,5.250000,3.141593,6.834348
8,1,car,38.946339,5.250000,3.141593,10.968502
8,2,car,21.239780,5.250000,3.141593,5.999749
8,3,car,49.647045,1.750000,3.141593,8.337086
8,4,pedestrian,-39.284649,8.000000,3.141593,1.562109
8,5,pedestrian,-52.735706,-8.000000,0.000000,0.584617
8,6,pedestrian,8.000000,24.419863,-1.570796,1.748664
8,7,pedestrian,8.000000,-31.642696,-1.570796,0.501168
9,0,car,53.028572,5.250000,3.141593,6.834348
9,1,car,38.946339,5.250000,3.141593,10.968502
9,2,car,21.239780,5.250000,3.141593,5.999749
9,3,car,49.647045,1.750000,3.141593,8.337086
9,4,pedestrian,-39.284649,8.000000,3.141593,1.562109
9,5,pedestrian,-52.735706,-8.000000,0.000000,0.584617
9,6,pedestrian,8.000000,24.419863,-1.570796,1.748664
9,7,pedestrian,8.000000,-31.642696,-1.570796,0.501168
10,0,car,53.028572,5.250000,3.141593,6.834348
10,1,car,38.946339,5.250000,3.141593,10.968502
10,2,car,21.239780,5.250000,3.141593,5.999749
10,3,car,49.647045,1.750000,3.141593,8.337086
10,4,pedestrian,-39.284649,8.000000,3.141593,1.562109
10,5,pedestrian,-52.735706,-8.000000,0.000000,0.584617
10,6,pedestrian,8.000000,24.419863,-1.570796,1.748664
10,7,pedestrian,8.000000,-31.642696,-1.570796,0.501168
11,0,car,53.028572,5.250000,3.141593,6.834348
11,1,car,38.946339,5.250000,3.141593,10.968502
11,2,car,21.239780,5.250000,3.141593,5.999749
11,3,car,49.647045,1.750000,3.141593,8.337086
11,4,pedestrian,-39.284649,8.000000,3.141593,1.562109
11,5,pedestrian,-52.735706,-8.000000,0.000000,0.584617
11,6,pedestrian,8.000000,24.419863,-1.570796,1.748664
11,7,pedestrian,8.000000,-31.642696,-1.570796,0.501168
12,0,car,53.028572,5.250000,3.141593,6.834348
12,1,car,38.946339,5.250000,3.141593,10.968502
12,2,car,21.239780,5.250000,3.141593,5.999749
12,3,car,49.647045,1.750000,3.141593,8.337086
12,4,pedestrian,-39.284649,8.000000,3.141593,1.562109
12,5,pedestrian,-52.735706,-8.000000,0.000000,0.584617
12,6,pedestrian,8.000000,24.419863,-1.570796,1.748664
12,7,pedestrian,8.000000,-31.642696,-1.570796,0.501168
13,0,car,53.028572,5.250000,3.141593,6.834348
13,1,car,38.946339,5.250000,3.141593,10.968502
13,2,car,21.239780,5.250000,3.141593,5.999749
13,3,car,49.647045,1.750000,3.141593,8.337086
13,4,pedestrian,-39.284649,8.000000,3.141593,1.562109
13,5,pedestrian,-52.735706,-8.000000,0.000000,0.584617
13,6,pedestrian,8.000000,24.419863,-1.570796,1.748664
13,7,pedestrian,8.000000,-31.642696,-1.570796,0.501168
14,0,car,53.028572,5.250000,3.141593,6.834348
14,1,car,38.946339,5.250000,3.141593,10.968502
14,2,car,21.239780,5.250000,3.141593,5.999749
14,3,car,49.647045,1.750000,3.141593,8.337086
14,4,pedestrian,-39.284649,8.000000,3.141593,1.562109
14,5,pedestrian,-52.735706,-8.000000,0.000000,0.584617
14,6,pedestrian,8.000000,24.419863,-1.570796,1.748664
14,7,pedestrian,8.000000,-31.642696,-1.570796,0.501168
15,0,car,53.028572,5.250000,3.141593,6.834348
15,1,car,38.946339,5.250000,3.141593,10.968502
15,2,car,21.239780,5.250000,3.141593,5.999749
15,3,car,49.647045,1.750000,3.141593,8.337086
15,4,pedestrian,-39.284649,8.000000,3.141593,1.562109
15,5,pedestrian,-52.735706,-8.000000,0.000000,0.584617
15,6,pedestrian,8.000000,24.419863,-1.570796,1.748664
15,7,pedestrian,8.000000,-31.642696,-1.570796,0.501168
16,0,car,53.028572,5.250000,3.141593,6.834348
16,1,car,38.946339,5.250000,3.141593,10.968502
16,2,car,21.239780,5.250000,3.141593,5.999749
16,3,car,49.647045,1.750000,3.141593,8.337086
16,4,pedestrian,-39.284649,8.000000,3.141593,1.562109
16,5,pedestrian,-52.735706,-8.000000,0.000000,0.584617
16,6,pedestrian,8.000000,24.419863,-1.570796,1.748664
16,7,pedestrian,8.000000,-31.642696,-1.570796,0.501168
17,0,car,53.028572,5.250000,3.141593,6.834348
17,1,car,38.946339,5.250000,3.141593,10.968502
17,2,car,21.239780,5.250000,3.141593,5.999749
17,3,car,49.647045,1.750000,3.141593,8.337086
17,4,pedestrian,-39.284649,8.000000,3.141593,1.562109
17,5,pedestrian,-52.735706,-8.000000,0.000000,0.584617
17,6,pedestrian,8.000000,24.419863,-1.570796,1.748664
17,7,pedestrian,8.000000,-31.642696,-1.570796,0.501168
18,0,car,53.028572,5.250000,3.141593,6.834348
18,1,car,38.946339,5.250000,3.141593,10.968502
18,2,car,21.239780,5.250000,3.141593,5.999749
18,3,car,49.647045,1.750000,3.141593,8.337086
18,4,pedestrian,-39.284649,8.000000,3.141593,1.562109
18,5,pedestrian,-52.735706,-8.000000,0.000000,0.584617
18,6,pedestrian,8.000000,24.419863,-1.570796,1.748664
18,7,pedestrian,8.000000,-31.642696,-1.570796,0.501168
19,0,car,53.028572,5.250000,3.141593,6.834348
19,1,car,38.946339,5.250000,3.141593,10.968502
19,2,car,21.239780,5.250000,3.141593,5.999749
19,3,car,49.647045,1.750000,3.141593,8.337086
19,4,pedestrian,-39.284649,8.000000,3.141593,1.562109
19,5,pedestrian,-52.735706,-8.000000,0.000000,0.584617
19,6,pedestrian,8.000000,24.419863,-1.570796,1.748664
19,7,pedestrian,8.000000,-31.642696,-1.570796,0.501168
20,0,car,53.028572,5.250000,3.141593,6.834348
20,1,car,38.946339,5.250000,3.141593,10.968502
20,2,car,21.239780,5.250000,3.141593,5.999749
20,3,car,49.647045,1.750000,3.141593,8.337086
20,4,pedestrian,-39.284649,8.000000,3.141593,1.562109
20,5,pedestrian,-52.735706,-8.000000,0.000000,0.584617
20,6,pedestrian,8.000000,24.419863,-1.570796,1.748664
20,7,pedestrian,8.000000,-31.642696,-1.570796,0.501168
21,0,car,53.028572,5.250000,3.141593,6.834348
21,1,car,38.946339,5.250000,3.141593,10.968502
21,2,car,21.239780,5.250000,3.141593,5.999749
21,3,car,49.647045,1.750000,3.141593,8.337086
21,4,pedestrian,-39.284649,8.000000,3.141593,1.562109
21,5,pedestrian,-52.735706,-8.000000,0.000000,0.584617
21,6,pedestrian,8.000000,24.419863,-1.570796,1.748664
21,7,pedestrian,8.000000,-31.642696,-1.570796,0.501168
22,0,car,53.028572,5.250000,3.141593,6.834348
22,1,car,38.946339,5.250000,3.141593,10.968502
22,2,car,21.239780,5.250000,3.141593,5.999749
22,3,car,49.647045,1.750000,3.141593,8.337086
22,4,pedestrian,-39.284649,8.000000,3.141593,1.562109
22,5,pedestrian,-52.735706,-8.000000,0.000000,0.584617
22,6,pedestrian,8.000000,24.419863,-1.570796,1.748664
22,7,pedestrian,8.000000,-31.642696,-1.570796,0.501168
23,0,car,53.028572,5.250000,3.141593,6.834348
23,1,car,38.946339,5.250000,3.141593,10.968502
23,2,car,21.239780,5.250000,3.141593,5.999749
23,3,car,49.647045,1.750000,3.141593,8.337086
23,4,pedestrian,-39.284649,8.000000,3.141593,1.562109
23,5,pedestrian,-52.735706,-8.000000,0.000000,0.584617
23,6,pedestrian,8.000000,24.419863,-1.570796,1.748664
23,7,pedestrian,8.000000,-31.642696,-1.570796,0.501168
24,0,car,53.028572,5.250000,3.141593,6.834348
24,1,car,38.946339,5.250000,3.141593,10.968502
24,2,car,21.239780,5.250000,3.141593,5.999749
24,3,car,49.647045,1.750000,3.141593,8.337086
24,4,pedestrian,-39.284649,8.000000,3.141593,1.562109
24,5,pedestrian,-52.735706,-8.000000,0.000000,0.584617
24,6,pedestrian,8.000000,24.419863,-1.570796,1.748664
24,7,pedestrian,8.000000,-31.642696,-1.570796,0.501168
25,0,car,53.028572,5.250000,3.141593,6.834348
25,1,car,38.946339,5.250000,3.141593,10.968502
25,2,car,21.239780,5.250000,3.141593,5.999749
25,3,car,49.647045,1.750000,3.141593,8.337086
25,4,pedestrian,-39.284649,8.000000,3.141593,1.562109
25,5,pedestrian,-52.735706,-8.000000,0.000000,0.584617
25,6,pedestrian,8.000000,24.419863,-1.570796,1.748664
25,7,pedestrian,8.000000,-31.642696,-1.570796,0.501168
26,0,car,53.028572,5.250000,3.141593,6.834348
26,1,car,38.946339,5.250000,3.141593,10.968502
26,2,car,21.239780,5.250000,3.141593,5.999749
26,3,car,49.647045,1.750000,3.141593,8.337086
26,4,pedestrian,-39.284649,8.000000,3.141593,1.562109
26,5,pedestrian,-52.735706,-8.000000,0.000000,0.584617
26,6,pedestrian,8.000000,24.419863,-1.570796,1.748664
26,7,pedestrian,8.000000,-31.642696,-1.570796,0.501168
27,0,car,53.028572,5.250000,3.141593,6.834348
27,1,car,38.946339,5.250000,3.141593,10.968502
27,2,car,21.239780,5.250000,3.141593,5.999749
27,3,car,49.647045,1.750000,3.141593,8.337086
27,4,pedestrian,-39.284649,8.000000,3.141593,1.562109
27,5,pedestrian,-52.735706,-8.000000,0.000000,0.584617
27,6,pedestrian,8.000000,24.419863,-1.570796,1.748664
27,7,pedestrian,8.000000,-31.642696,-1.570796,0.501168
28,0,car,53.028572,5.250000,3.141593,6.834348
28,1,car,38.946339,5.250000,3.141593,10.968502
28,2,car,21.239780,5.250000,3.141593,5.999749
28,3,car,49.647045,1.750000,3.141593,8.337086
28,4,pedestrian,-39.284649,8.000000,3.141593,1.562109
28,5,pedestrian,-52.735706,-8.000000,0.000000,0.584617
28,6,pedestrian,8.000000,24.419863,-1.570796,1.748664
28,7,pedestrian,8.000000,-31.642696,-1.570796,0.501168
29,0,car,53.028572,5.250000,3.141593,6.834348
29,1,car,38.946339,5.250000,3.141593,10.968502
29,2,car,21.239780,5.250000,3.141593,5.999749
29,3,car,49.647045,1.750000,3.141593,8.337086
29,4,pedestrian,-39.284649,8.000000,3.141593,1.562109
29,5,pedestrian,-52.735706,-8.000000,0.000000,0.584617
29,6,pedestrian,8.000000,24.419863,-1.570796,1.748664
29,7,pedestrian,8.000000,-31.642696,-1.570796,0.501168
30,0,car,53.028572,5.250000,3.141593,6.834348
30,1,car,38.946339,5.250000,3.141593,10.968502
30,2,car,21.239780,5.250000,3.141593,5.999749
30,3,car,49.647045,1.750000,3.141593,8.337086
30,4,pedestrian,-39.284649,8.000000,3.141593,1.562109
30,5,pedestrian,-52.735706,-8.000000,0.000000,0.584617
30,6,pedestrian,8.000000,24.419863,-1.570796,1.748664
30,7,pedestrian,8.000000,-31.642696,-1.570796,0.501168
31,0,car,53.028572,5.250000,3.141593,6.834348
31,1,car,38.946339,5.250000,3.141593,10.968502
31,2,car,21.239780,5.250000,3.141593,5.999749
31,3,car,49.647045,1.750000,3.141593,8.337086
31,4,pedestrian,-39.284649,8.000000,3.141593,1.562109
31,5,pedestrian,-52.735706,-8.000000,0.000000,0.584617
31,6,pedestrian,8.000000,24.419863,-1.570796,1.748664
31,7,pedestrian,8.000000,-31.642696,-1.570796,0.501168
32,0,car,53.028572,5.250000,3.141593,6.834348
32,1,car,38.946339,5.250000,3.141593,10.968502
32,2,car,21.239780,5.250000,3.141593,5.999749
32,3,car,49.647045,1.750000,3.141593,8.337086
32,4,pedestrian,-39.284649,8.000000,3.141593,1.562109
32,5,pedestrian,-52.735706,-8.000000,0.000000,0.584617
32,6,pedestrian,8.000000,24.419863,-1.570796,1.748664
32,7,pedestrian,8.000000,-31.642696,-1.570796,0.501168
33,0,car,53.028572,5.250000,3.141593,6.834348
33,1,car,38.946339,5.250000,3.141593,10.968502
33,2,car,21.239780,5.250000,3.141593,5.999749
33,3,car,49.647045,1.750000,3.141593,8.337086
33,4,pedestrian,-39.284649,8.000000,3.141593,1.562109
33,5,pedestrian,-52.735706,-8.000000,0.000000,0.584617
33,6,pedestrian,8.000000,24.419863,-1.570796,1.748664
33,7,pedestrian,8.000000,-31.642696,-1.570796,0.501168
34,0,car,53.028572,5.250000,3.141593,6.834348
34,1,car,38.946339,5.250000,3.141593,10.968502
34,2,car,21.239780,5.250000,3.141593,5.999749
34,3,car,49.647045,1.750000,3.141593,8.337086
34,4,pedestrian,-39.284649,8.000000,3.141593,1.562109
34,5,pedestrian,-52.735706,-8.000000,0.000000,0.584617
34,6,pedestrian,8.000000,24.419863,-1.570796,1.748664
34,7,pedestrian,8.000000,-31.642696,-1.570796,0.501168
35,0,car,53.028572,5.250000,3.141593,6.834348
35,1,car,38.946339,5.250000,3.141593,10.968502
35,2,car,21.239780,5.250000,3.141593,5.999749
35,3,car,49.647045,1.750000,3.141593,8.337086
35,4,pedestrian,-39.284649,8.000000,3.141593,1.562109
35,5,pedestrian,-52.735706,-8.000000,0.000000,0.584617
35,6,pedestrian,8.000000,24.419863,-1.570796,1.748664
35,7,pedestrian,8.000000,-31.642696,-1.570796,0.501168
36,0,car,53.028572,5.250000,3.141593,6.834348
36,1,car,38.946339,5.250000,3.141593,10.968502
36,2,car,21.239780,5.250000,3.141593,5.999749
36,3,car,49.647045,1.750000,3.141593,8.337086
36,4,pedestrian,-39.284649,8.000000,3.141593,1.562109
36,5,pedestrian,-52.735706,-8.000000,0.000000,0.584617
36,6,pedestrian,8.000000,24.419863,-1.570796,1.748664
36,7,pedestrian,8.000000,-31.642696,-1.570796,0.501168
37,0,car,53.028572,5.250000,3.141593,6.834348
37,1,car,38.946339,5.250000,3.141593,10.968502
37,2,car,21.239780,5.250000,3.141593,5.999749
37,3,car,49.647045,1.750000,3.141593,8.337086
37,4,pedestrian,-39.284649,8.000000,3.141593,1.562109
37,5,pedestrian,-52.735706,-8.000000,0.000000,0.584617
37,6,pedestrian,8.000000,24.419863,-1.570796,1.748664
37,7,pedestrian,8.000000,-31.642696,-1.570796,0.501168
38,0,car,53.028572,5.250000,3.141593,6.834348
38,1,car,38.946339,5.250000,3.141593,10.968502
38,2,car,21.239780,5.250000,3.141593,5.999749
38,3,car,49.647045,1.750000,3.141593,8.337086
38,4,pedestrian,-39.284649,8.000000,3.141593,1.562109
38,5,pedestrian,-52.735706,-8.000000,0.000000,0.584617
38,6,pedestrian,8.000000,24.419863,-1.570796,1.748664
38,7,pedestrian,8.000000,-31.642696,-1.570796,0.501168
39,0,car,53.028572,5.250000,3.141593,6.834348
39,1,car,38.946339,5.250000,3.141593,10.968502
39,2,car,21.239780,5.250000,3.141593,5.999749
39,3,car,49.647045,1.750000,3.141593,8.337086
39,4,pedestrian,-39.284649,8.000000,3.141593,1.562109
39,5,pedestrian,-52.735706,-8.000000,0.000000,0.584617
39,6,pedestrian,8.000000,24.419863,-1.570796,1.748664
39,7,pedestrian,8.000000,-31.642696,-1.570796,0.501168
40,0,car,53.028572,5.250000,3.141593,6.834348
40,1,car,38.946339,5.250000,3.141593,10.968502
40,2,car,21.239780,5.250000,3.141593,5.999749
40,3,car,49.647045,1.750000,3.141593,8.337086
40,4,pedestrian,-39.284649,8.000000,3.141593,1.562109
40,5,pedestrian,-52.735706,-8.000000,0.000000,0.584617
40,6,pedestrian,8.000000,24.419863,-1.570796,1.748664
40,7,pedestrian,8.000000,-31.642696,-1.570796,0.501168
41,0,car,53.028572,5.250000,3.141593,6.834348
41,1,car,38.946339,5.250000,3.141593,10.968502
41,2,car,21.239780,5.250000,3.141593,5.999749
41,3,car,49.647045,1.750000,3.141593,8.337086
41,4,pedestrian,-39.284649,8.000000,3.141593,1.562109
41,5,pedestrian,-52.735706,-8.000000,0.000000,0.584617
41,6,pedestrian,8.000000,24.419863,-1.570796,1.748664
41,7,pedestrian,8.000000,-31.642696,-1.570796,0.501168
42,0,car,53.028572,5.250000,3.141593,6.834348
42,1,car,38.946339,5.250000,3.141593,10.968502
42,2,car,21.239780,5.250000,3.141593,5.999749
42,3,car,49.647045,1.750000,3.141593,8.337086
42,4,pedestrian,-39.284649,8.000000,3.141593,1.562109
42,5,pedestrian,-52.735706,-8.000000,0.000000,0.584617
42,6,pedestrian,8.000000,24.419863,-1.570796,1.748664
42,7,pedestrian,8.000000,-31.642696,-1.570796,0.501168
43,0,car,53.028572,5.250000,3.141593,6.834348
43,1,car,38.946339,5.250000,3.141593,10.968502
43,2,car,21.239780,5.250000,3.141593,5.999749
43,3,car,49.647045,1.750000,3.141593,8.337086
43,4,pedestrian,-39.284649,8.000000,3.141593,1.562109
43,5,pedestrian,-52.735706,-8.000000,0.000000,0.584617
43,6,pedestrian,8.000000,24.419863,-1.570796,1.748664
43,7,pedestrian,8.000000,-31.642696,-1.570796,0.501168
44,0,car,53.028572,5.250000,3.141593,6.834348
44,1,car,38.946339,5.250000,3.141593,10.968502
44,2,car,21.239780,5.250000,3.141593,5.999749
44,3,car,49.647045,1.750000,3.141593,8.337086
44,4,pedestrian,-39.284649,8.000000,3.141593,1.562109
44,5,pedestrian,-52.735706,-8.000000,0.000000,0.584617
44,6,pedestrian,8.000000,24.419863,-1.570796,1.748664
44,7,pedestrian,8.000000,-31.642696,-1.570796,0.501168
45,0,car,53.028572,5.250000,3.141593,6.834348
45,1,car,38.946339,5.250000,3.141593,10.968502
45,2,car,21.239780,5.250000,3.141593,5.999749
45,3,car,49.647045,1.750000,3.141593,8.337086
45,4,pedestrian,-39.284649,8.000000,3.141593,1.562109
45,5,pedestrian,-52.735706,-8.000000,0.000000,0.584617
45,6,pedestrian,8.000000,24.419863,-1.570796,1.748664
45,7,pedestrian,8.000000,-31.642696,-1.570796,0.501168
46,0,car,53.028572,5.250000,3.141593,6.834348
46,1,car,38.946339,5.250000,3.141593,10.968502
46,2,car,21.239780,5.250000,3.141593,5.999749
46,3,car,49.647045,1.750000,3.141593,8.337086
46,4,pedestrian,-39.284649,8.000000,3.141593,1.562109
46,5,pedestrian,-52.735706,-8.000000,0.000000,0.584617
46,6,pedestrian,8.000000,24.419863,-1.570796,1.748664
46,7,pedestrian,8.000000,-31.642696,-1.570796,0.501168
47,0,car,53.028572,5.250000,3.141593,6.834348
47,1,car,38.946339,5.250000,3.141593,10.968502
47,2,car,21.239780,5.250000,3.141593,5.999749
47,3,car,49.647045,1.750000,3.141593,8.337086
47,4,pedestrian,-39.284649,8.000000,3.141593,1.562109
47,5,pedestrian,-52.735706,-8.000000,0.000000,0.584617
47,6,pedestrian,8.000000,24.419863,-1.570796,1.748664
47,7,pedestrian,8.000000,-31.642696,-1.570796,0.501168
48,0,car,53.028572,5.250000,3.141593,6.834348
48,1,car,38.946339,5.250000,3.141593,10.968502
48,2,car,21.239780,5.250000,3.141593,5.999749
48,3,car,49.647045,1.750000,3.141593,8.337086
48,4,pedestrian,-39.284649,8.000000,3.141593,1.562109
48,5,pedestrian,-52.735706,-8.000000,0.000000,0.584617
48,6,pedestrian,8.000000,24.419863,-1.570796,1.748664
48,7,pedestrian,8.000000,-31.642696,-1.570796,0.501168
49,0,car,53.028572,5.250000,3.141593,6.834348
49,1,car,38.946339,5.250000,3.141593,10.968502
49,2,car,21.239780,5.250000,3.141593,5.999749
49,3,car,49.647045,1.750000,3.141593,8.337086
49,4,pedestrian,-39.284649,8.000000,3.141593,1.562109
49,5,pedestrian,-52.735706,-8.000000,0.000000,0.584617
49,6,pedestrian,8.000000,24.419863,-1.570796,1.748664
49,7,pedestrian,8.000000,-31.642696,-1.570796,0.501168
50,0,car,53.028572,5.250000,3.141593,6.834348
50,1,car,38.946339,5.250000,3.141593,10.968502
50,2,car,21.239780,5.250000,3.141593,5.999749
50,3,car,49.647045,1.750000,3.141593,8.337086
50,4,pedestrian,-39.284649,8.000000,3.141593,1.562109
50,5,pedestrian,-52.735706,-8.000000,0.000000,0.584617
50,6,pedestrian,8.000000,24.419863,-1.570796,1.748664
50,7,pedestrian,8.000000,-31.642696,-1.570796,0.501168
51,0,car,53.028572,5.250000,3.141593,6.834348
51,1,car,38.946339,5.250000,3.141593,10.968502
51,2,car,21.239780,5.250000,3.141593,5.999749
51,3,car,49.647045,1.750000,3.141593,8.337086
51,4,pedestrian,-39.284649,8.000000,3.141593,1.562109
51,5,pedestrian,-52.735706,-8.000000,0.000000,0.584617
51,6,pedestrian,8.000000,24.419863,-1.570796,1.748664
51,7,pedestrian,8.000000,-31.642696,-1.570796,0.501168
52,0,car,53.028572,5.250000,3.141593,6.834348
52,1,car,38.946339,5.250000,3.141593,10.968502
52,2,car,21.239780,5.250000,3.141593,5.999749
52,3,car,49.647045,1.750000,3.141593,8.337086
52,4,pedestrian,-39.284649,8.000000,3.141593,1.562109
52,5,pedestrian,-52.735706,-8.000000,0.000000,0.584617
52,6,pedestrian,8.000000,24.419863,-1.570796,1.748664
52,7,pedestrian,8.000000,-31.642696,-1.570796,0.501168
53,0,car,53.028572,5.250000,3.141593,6.834348
53,1,car,38.946339,5.250000,3.141593,10.968502
53,2,car,21.239780,5.250000,3.141593,5.999749
53,3,car,49.647045,1.750000,3.141593,8.337086
53,4,pedestrian,-39.284649,8.000000,3.141593,1.562109
53,5,pedestrian,-52.735706,-8.000000,0.000000,0.584617
53,6,pedestrian,8.000000,24.419863,-1.570796,1.748664
53,7,pedestrian,8.000000,-31.642696,-1.570796,0.501168
54,0,car,53.028572,5.250000,3.141593,6.834348
54,1,car,38.946339,5.250000,3.141593,10.968502
54,2,car,21.239780,5.250000,3.141593,5.999749
54,3,car,49.647045,1.750000,3.141593,8.337086
54,4,pedestrian,-39.284649,8.000000,3.141593,1.562109
54,5,pedestrian,-52.735706,-8.000000,0.000000,0.584617
54,6,pedestrian,8.000000,24.419863,-1.570796,1.748664
54,7,pedestrian,8.000000,-31.642696,-1.570796,0.501168
55,0,car,53.028572,5.250000,3.141593,6.834348
55,1,car,38.946339,5.250000,3.141593,10.968502
55,2,car,21.239780,5.250000,3.141593,5.999749
55,3,car,49.647045,1.750000,3.141593,8.337086
55,4,pedestrian,-39.284649,8.000000,3.141593,1.562109
55,5,pedestrian,-52.735706,-8.000000,0.000000,0.584617
55,6,pedestrian,8.000000,24.419863,-1.570796,1.748664
55,7,pedestrian,8.000000,-31.642696,-1.570796,0.501168
56,0,car,53.028572,5.250000,3.141593,6.834348
56,1,car,38.946339,5.250000,3.141593,10.968502
56,2,car,21.239780,5.250000,3.141593,5.999749
56,3,car,49.647045,1.750000,3.141593,8.337086
56,4,pedestrian,-39.284649,8.000000,3.141593,1.562109
56,5,pedestrian,-52.735706,-8.000000,0.000000,0.584617
56,6,pedestrian,8.000000,24.419863,-1.570796,1.748664
56,7,pedestrian,8.000000,-31.642696,-1.570796,0.501168
57,0,car,53.028572,5.250000,3.141593,6.834348
57,1,car,38.946339,5.250000,3.141593,10.968502
57,2,car,21.239780,5.250000,3.141593,5.999749
57,3,car,49.647045,1.750000,3.141593,8.337086
57,4,pedestrian,-39.284649,8.000000,3.141593,1.562109
57,5,pedestrian,-52.735706,-8.000000,0.000000,0.584617
57,6,pedestrian,8.000000,24.419863,-1.570796,1.748664
57,7,pedestrian,8.000000,-31.642696,-1.570796,0.501168
58,0,car,53.028572,5.250000,3.141593,6.834348
58,1,car,38.946339,5.250000,3.141593,10.968502
58,2,car,21.239780,5.250000,3.141593,5.999749
58,3,car,49.647045,1.750000,3.141593,8.337086
58,4,pedestrian,-39.284649,8.000000,3.141593,1.562109
58,5,pedestrian,-52.735706,-8.000000,0.000000,0.584617
58,6,pedestrian,8.000000,24.419863,-1.570796,1.748664
58,7,pedestrian,8.000000,-31.642696,-1.570796,0.501168
59,0,car,53.028572,5.250000,3.141593,6.834348
59,1,car,38.946339,5.250000,3.141593,10.968502
59,2,car,21.239780,5.250000,3.141593,5.999749
59,3,car,49.647045,1.750000,3.141593,8.337086
59,4,pedestrian,-39.284649,8.000000,3.141593,1.562109
59,5,pedestrian,-52.735706,-8.000000,0.000000,0.584617
59,6,pedestrian,8.000000,24.419863,-1.570796,1.748664
59,7,pedestrian,8.000000,-31.642696,-1.570796,0.501168
60,0,car,53.028572,5.250000,3.141593,6.834348
60,1,car,38.946339,5.250000,3.141593,10.968502
60,2,car,21.239780,5.250000,3.141593,5.999749
60,3,car,49.647045,1.750000,3.141593,8.337086
60,4,pedestrian,-39.284649,8.000000,3.141593,1.562109
60,5,pedestrian,-52.735706,-8.000000,0.000000,0.584617
60,6,pedestrian,8.000000,24.419863,-1.570796,1.748664
60,7,pedestrian,8.000000,-31.642696,-1.570796,0.501168
61,0,car,53.028572,5.250000,3.141593,6.834348
61,1,car,38.946339,5.250000,3.141593,10.968502
61,2,car,21.239780,5.250000,3.141593,5.999749
61,3,car,49.647045,1.750000,3.141593,8.337086
61,4,pedestrian,-39.284649,8.000000,3.141593,1.562109
61,5,pedestrian,-52.735706,-8.000000,0.000000,0.584617
61,6,pedestrian,8.000000,24.419863,-1.570796,1.748664
61,7,pedestrian,8.000000,-31.642696,-1.570796,0.501168
62,0,car,53.028572,5.250000,3.141593,6.834348
62,1,car,38.946339,5.250000,3.141593,10.968502
62,2,car,21.239780,5.250000,3.141593,5.999749
62,3,car,49.647045,1.750000,3.141593,8.337086
62,4,pedestrian,-39.284649,8.000000,3.141593,1.562109
62,5,pedestrian,-52.735706,-8.000000,0.000000,0.584617
62,6,pedestrian,8.000000,24.419863,-1.570796,1.748664
62,7,pedestrian,8.000000,-31.642696,-1.570796,0.501168
63,0,car,53.028572,5.250000,3.141593,6.834348
63,1,car,38.946339,5.250000,3.141593,10.968502
63,2,car,21.239780,5.250000,3.141593,5.999749
63,3,car,49.647045,1.750000,3.141593,8.337086
63,4,pedestrian,-39.284649,8.000000,3.141593,1.562109
63,5,pedestrian,-52.735706,-8.000000,0.000000,0.584617
63,6,pedestrian,8.000000,24.419863,-1.570796,1.748664
63,7,pedestrian,8.000000,-31.642696,-1.570796,0.501168
64,0,car,53.028572,5.250000,3.141593,6.834348
64,1,car,38.946339,5.250000,3.141593,10.968502
64,2,car,21.239780,5.250000,3.141593,5.999749
64,3,car,49.647045,1.750000,3.141593,8.337086
64,4,pedestrian,-39.284649,8.000000,3.141593,1.562109
64,5,pedestrian,-52.735706,-8.000000,0.000000,0.584617
64,6,pedestrian,8.000000,24.419863,-1.570796,1.748664
64,7,pedestrian,8.000000,-31.642696,-1.570796,0.501168
65,0,car,53.028572,5.250000,3.141593,6.834348
65,1,car,38.946339,5.250000,3.141593,10.968502
65,2,car,21.239780,5.250000,3.141593,5.999749
65,3,car,49.647045,1.750000,3.141593,8.337086
65,4,pedestrian,-39.284649,8.000000,3.141593,1.562109
65,5,pedestrian,-52.735706,-8.000000,0.000000,0.584617
65,6,pedestrian,8.000000,24.419863,-1.570796,1.748664
65,7,pedestrian,8.000000,-31.642696,-1.570796,0.501168
66,0,car,53.028572,5.250000,3.141593,6.834348
66,1,car,38.946339,5.250000,3.141593,10.968502
66,2,car,21.239780,5.250000,3.141593,5.999749
66,3,car,49.647045,1.750000,3.141593,8.337086
66,4,pedestrian,-39.284649,8.000000,3.141593,1.562109
66,5,pedestrian,-52.735706,-8.000000,0.000000,0.584617
66,6,pedestrian,8.000000,24.419863,-1.570796,1.748664
66,7,pedestrian,8.000000,-31.642696,-1.570796,0.501168
67,0,car,53.028572,5.250000,3.141593,6.834348
67,1,car,38.946339,5.250000,3.141593,10.968502
67,2,car,21.239780,5.250000,3.141593,5.999749
67,3,car,49.647045,1.750000,3.141593,8.337086
67,4,pedestrian,-39.284649,8.000000,3.141593,1.562109
67,5,pedestrian,-52.735706,-8.000000,0.000000,0.584617
67,6,pedestrian,8.000000,24.419863,-1.570796,1.748664
67,7,pedestrian,8.000000,-31.642696,-1.570796,0.501168
68,0,car,53.028572,5.250000,3.141593,6.834348
68,1,car,38.946339,5.250000,3.141593,10.968502
68,2,car,21.239780,5.250000,3.141593,5.999749
68,3,car,49.647045,1.750000,3.141593,8.337086
68,4,pedestrian,-39.284649,8.000000,3.141593,1.562109
68,5,pedestrian,-52.735706,-8.000000,0.000000,0.584617
68,6,pedestrian,8.000000,24.419863,-1.570796,1.748664
68,7,pedestrian,8.000000,-31.642696,-1.570796,0.501168
69,0,car,53.028572,5.250000,3.141593,6.834348
69,1,car,38.946339,5.250000,3.141593,10.968502
69,2,car,21.239780,5.250000,3.141593,5.999749
69,3,car,49.647045,1.750000,3.141593,8.337086
69,4,pedestrian,-39.284649,8.000000,3.141593,1.562109
69,5,pedestrian,-52.735706,-8.000000,0.000000,0.584617
69,6,pedestrian,8.000000,24.419863,-1.570796,1.748664
69,7,pedestrian,8.000000,-31.642696,-1.570796,0.501168
70,0,car,53.028572,5.250000,3.141593,6.834348
70,1,car,38.946339,5.250000,3.141593,10.968502
70,2,car,21.239780,5.250000,3.141593,5.999749
70,3,car,49.647045,1.750000,3.141593,8.337086
70,4,pedestrian,-39.284649,8.000000,3.141593,1.562109
70,5,pedestrian,-52.735706,-8.000000,0.000000,0.584617
70,6,pedestrian,8.000000,24.419863,-1.570796,1.748664
70,7,pedestrian,8.000000,-31.642696,-1.570796,0.501168
71,0,car,53.028572,5.250000,3.141593,6.834348
71,1,car,38.946339,5.250000,3.141593,10.968502
71,2,car,21.239780,5.250000,3.141593,5.999749
71,3,car,49.647045,1.750000,3.141593,8.337086
71,4,pedestrian,-39.284649,8.000000,3.141593,1.562109
71,5,pedestrian,-52.735706,-8.000000,0.000000,0.584617
71,6,pedestrian,8.000000,24.419863,-1.570796,1.748664
71,7,pedestrian,8.000000,-31.642696,-1.570796,0.501168
72,0,car,53.028572,5.250000,3.141593,6.834348
72,1,car,38.946339,5.250000,3.141593,10.968502
72,2,car,21.239780,5.250000,3.141593,5.999749
72,3,car,49.647045,1.750000,3.141593,8.337086
72,4,pedestrian,-39.284649,8.000000,3.141593,1.562109
72,5,pedestrian,-52.735706,-8.000000,0.000000,0.584617
72,6,pedestrian,8.000000,24.419863,-1.570796,1.748664
72,7,pedestrian,8.000000,-31.642696,-1.570796,0.501168
73,0,car,53.028572,5.250000,3.141593,6.834348
73,1,car,38.946339,5.250000,3.141593,10.968502
73,2,car,21.239780,5.250000,3.141593,5.999749
73,3,car,49.647045,1.750000,3.141593,8.337086
73,4,pedestrian,-39.284649,8.000000,3.141593,1.562109
73,5,pedestrian,-52.735706,-8.000000,0.000000,0.584617
73,6,pedestrian,8.000000,24.419863,-1.570796,1.748664
73,7,pedestrian,8.000000,-31.642696,-1.570796,0.501168
74,0,car,53.028572,5.250000,3.141593,6.834348
74,1,car,38.946339,5.250000,3.141593,10.968502
74,2,car,21.239780,5.250000,3.141593,5.999749
74,3,car,49.647045,1.750000,3.141593,8.337086
74,4,pedestrian,-39.284649,8.000000,3.141593,1.562109
74,5,pedestrian,-52.735706,-8.000000,0.000000,0.584617
74,6,pedestrian,8.000000,24.419863,-1.570796,1.748664
74,7,pedestrian,8.000000,-31.642696,-1.570796,0.501168
75,0,car,53.028572,5.250000,3.141593,6.834348
75,1,car,38.946339,5.250000,3.141593,10.968502
75,2,car,21.239780,5.250000,3.141593,5.999749
75,3,car,49.647045,1.750000,3.141593,8.337086
75,4,pedestrian,-39.284649,8.000000,3.141593,1.562109
75,5,pedestrian,-52.735706,-8.000000,0.000000,0.584617
75,6,pedestrian,8.000000,24.419863,-1.570796,1.748664
75,7,pedestrian,8.000000,-31.642696,-1.570796,0.501168
76,0,car,53.028572,5.250000,3.141593,6.834348
76,1,car,38.946339,5.250000,3.141593,10.968502
76,2,car,21.239780,5.250000,3.141593,5.999749
76,3,car,49.647045,1.750000,3.141593,8.337086
76,4,pedestrian,-39.284649,8.000000,3.141593,1.562109
76,5,pedestrian,-52.735706,-8.000000,0.000000,0.584617
76,6,pedestrian,8.000000,24.419863,-1.570796,1.748664
76,7,pedestrian,8.000000,-31.642696,-1.570796,0.501168
77,0,car,53.028572,5.250000,3.141593,6.834348
77,1,car,38.946339,5.250000,3.141593,10.968502
77,2,car,21.239780,5.250000,3.141593,5.999749
77,3,car,49.647045,1.750000,3.141593,8.337086
77,4,pedestrian,-39.284649,8.000000,3.141593,1.562109
77,5,pedestrian,-52.735706,-8.000000,0.000000,0.584617
77,6,pedestrian,8.000000,24.419863,-1.570796,1.748664
77,7,pedestrian,8.000000,-31.642696,-1.570796,0.501168
78,0,car,53.028572,5.250000,3.141593,6.834348
78,1,car,38.946339,5.250000,3.141593,10.968502
78,2,car,21.239780,5.250000,3.141593,5.999749
78,3,car,49.647045,1.750000,3.141593,8.337086
78,4,pedestrian,-39.284649,8.000000,3.141593,1.562109
78,5,pedestrian,-52.735706,-8.000000,0.000000,0.584617
78,6,pedestrian,8.000000,24.419863,-1.570796,1.748664
78,7,pedestrian,8.000000,-31.642696,-1.570796,0.501168
79,0,car,53.028572,5.250000,3.141593,6.834348
79,1,car,38.946339,5.250000,3.141593,10.968502
79,2,car,21.239780,5.250000,3.141593,5.999749
79,3,car,49.647045,1.750000,3.141593,8.337086
79,4,pedestrian,-39.284649,8.000000,3.141593,1.562109
79,5,pedestrian,-52.735706,-8.000000,0.000000,0.584617
79,6,pedestrian,8.000000,24.419863,-1.570796,1.748664
79,7,pedestrian,8.000000,-31.642696,-1.570796,0.501168
80,0,car,53.028572,5.250000,3.141593,6.834348
80,1,car,38.946339,5.250000,3.141593,10.968502
80,2,car,21.239780,5.250000,3.141593,5.999749
80,3,car,49.647045,1.750000,3.141593,8.337086
80,4,pedestrian,-39.284649,8.000000,3.141593,1.562109
80,5,pedestrian,-52.735706,-8.000000,0.000000,0.584617
80,6,pedestrian,8.000000,24.419863,-1.570796,1.748664
80,7,pedestrian,8.000000,-31.642696,-1.570796,0.501168
81,0,car,53.028572,5.250000,3.141593,6.834348
81,1,car,38.946339,5.250000,3.141593,10.968502
81,2,car,21.239780,5.250000,3.141593,5.999749
81,3,car,49.647045,1.750000,3.141593,8.337086
81,4,pedestrian,-39.284649,8.000000,3.141593,1.562109
81,5,pedestrian,-52.735706,-8.000000,0.000000,0.584617
81,6,pedestrian,8.000000,24.419863,-1.570796,1.748664
81,7,pedestrian,8.000000,-31.642696,-1.570796,0.501168
82,0,car,53.028572,5.250000,3.141593,6.834348
82,1,car,38.946339,5.250000,3.141593,10.968502
82,2,car,21.239780,5.250000,3.141593,5.999749
82,3,car,49.647045,1.750000,3.141593,8.337086
82,4,pedestrian,-39.284649,8.000000,3.141593,1.562109
82,5,pedestrian,-52.735706,-8.000000,0.000000,0.584617
82,6,pedestrian,8.000000,24.419863,-1.570796,1.748664
82,7,pedestrian,8.000000,-31.642696,-1.570796,0.501168
83,0,car,53.028572,5.250000,3.141593,6.834348
83,1,car,38.946339,5.250000,3.141593,10.968502
83,2,car,21.239780,5.250000,3.141593,5.999749
83,3,car,49.647045,1.750000,3.141593,8.337086
83,4,pedestrian,-39.284649,8.000000,3.141593,1.562109
83,5,pedestrian,-52.735706,-8.000000,0.000000,0.584617
83,6,pedestrian,8.000000,24.419863,-1.570796,1.748664
83,7,pedestrian,8.000000,-31.642696,-1.570796,0.501168
84,0,car,53.028572,5.250000,3.141593,6.834348
84,1,car,38.946339,5.250000,3.141593,10.968502
84,2,car,21.239780,5.250000,3.141593,5.999749
84,3,car,49.647045,1.750000,3.141593,8.337086
84,4,pedestrian,-39.284649,8.000000,3.141593,1.562109
84,5,pedestrian,-52.735706,-8.000000,0.000000,0.584617
84,6,pedestrian,8.000000,24.419863,-1.570796,1.748664
84,7,pedestrian,8.000000,-31.642696,-1.570796,0.501168
85,0,car,53.028572,5.250000,3.141593,6.834348
85,1,car,38.946339,5.250000,3.141593,10.968502
85,2,car,21.239780,5.250000,3.141593,5.999749
85,3,car,49.647045,1.750000,3.141593,8.337086
85,4,pedestrian,-39.284649,8.000000,3.141593,1.562109
85,5,pedestrian,-52.735706,-8.000000,0.000000,0.584617
85,6,pedestrian,8.000000,24.419863,-1.570796,1.748664
85,7,pedestrian,8.000000,-31.642696,-1.570796,0.501168
86,0,car,53.028572,5.250000,3.141593,6.834348
86,1,car,38.946339,5.250000,3.141593,10.968502
86,2,car,21.239780,5.250000,3.141593,5.999749
86,3,car,49.647045,1.750000,3.141593,8.337086
86,4,pedestrian,-39.284649,8.000000,3.141593,1.562109
86,5,pedestrian,-52.735706,-8.000000,0.000000,0.584617
86,6,pedestrian,8.000000,24.419863,-1.570796,1.748664
86,7,pedestrian,8.000000,-31.642696,-1.570796,0.501168
87,0,car,53.028572,5.250000,3.141593,6.834348
87,1,car,38.946339,5.250000,3.141593,10.968502
87,2,car,21.239780,5.250000,3.141593,5.999749
87,3,car,49.647045,1.750000,3.141593,8.337086
87,4,pedestrian,-39.284649,8.000000,3.141593,1.562109
87,5,pedestrian,-52.735706,-8.000000,0.000000,0.584617
87,6,pedestrian,8.000000,24.419863,-1.570796,1.748664
87,7,pedestrian,8.000000,-31.642696,-1.570796,0.501168
88,0,car,53.028572,5.250000,3.141593,6.834348
88,1,car,38.946339,5.250000,3.141593,10.968502
88,2,car,21.239780,5.250000,3.141593,5.999749
88,3,car,49.647045,1.750000,3.141593,8.337086
88,4,pedestrian,-39.284649,8.000000,3.141593,1.562109
88,5,pedestrian,-52.735706,-8.000000,0.000000,0.584617
88,6,pedestrian,8.000000,24.419863,-1.570796,1.748664
88,7,pedestrian,8.000000,-31.642696,-1.570796,0.501168
89,0,car,53.028572,5.250000,3.141593,6.834348
89,1,car,38.946339,5.250000,3.141593,10.968502
89,2,car,21.239780,5.250000,3.141593,5.999749
89,3,car,49.647045,1.750000,3.141593,8.337086
89,4,pedestrian,-39.284649,8.000000,3.141593,1.562109
89,5,pedestrian,-52.735706,-8.000000,0.000000,0.584617
89,6,pedestrian,8.000000,24.419863,-1.570796,1.748664
89,7,pedestrian,8.000000,-31.642696,-1.570796,0.501168
90,0,car,53.028572,5.250000,3.141593,6.834348
90,1,car,38.946339,5.250000,3.141593,10.968502
90,2,car,21.239780,5.250000,3.141593,5.999749
90,3,car,49.647045,1.750000,3.141593,8.337086
90,4,pedestrian,-39.284649,8.000000,3.141593,1.562109
90,5,pedestrian,-52.735706,-8.000000,0.000000,0.584617
90,6,pedestrian,8.000000,24.419863,-1.570796,1.748664
90,7,pedestrian,8.000000,-31.642696,-1.570796,0.501168
91,0,car,53.028572,5.250000,3.141593,6.834348
91,1,car,38.946339,5.250000,3.141593,10.968502
91,2,car,21.239780,5.250000,3.141593,5.999749
91,3,car,49.647045,1.750000,3.141593,8.337086
91,4,pedestrian,-39.284649,8.000000,3.141593,1.562109
91,5,pedestrian,-52.735706,-8.000000,0.000000,0.584617
91,6,pedestrian,8.000000,24.419863,-1.570796,1.748664
91,7,pedestrian,8.000000,-31.642696,-1.570796,0.501168
92,0,car,53.028572,5.250000,3.141593,6.834348
92,1,car,38.946339,5.250000,3.141593,10.968502
92,2,car,21.239780,5.250000,3.141593,5.999749
92,3,car,49.647045,1.750000,3.141593,8.337086
92,4,pedestrian,-39.284649,8.000000,3.141593,1.562109
92,5,pedestrian,-52.735706,-8.000000,0.000000,0.584617
92,6,pedestrian,8.000000,24.419863,-1.570796,1.748664
92,7,pedestrian,8.000000,-31.642696,-1.570796,0.501168
93,0,car,53.028572,5.250000,3.141593,6.834348
93,1,car,38.946339,5.250000,3.141593,10.968502
93,2,car,21.239780,5.250000,3.141593,5.999749
93,3,car,49.647045,1.750000,3.141593,8.337086
93,4,pedestrian,-39.284649,8.000000,3.141593,1.562109
93,5,pedestrian,-52.735706,-8.000000,0.000000,0.584617
93,6,pedestrian,8.000000,24.419863,-1.570796,1.748664
93,7,pedestrian,8.000000,-31.642696,-1.570796,0.501168
94,0,car,53.028572,5.250000,3.141593,6.834348
94,1,car,38.946339,5.250000,3.141593,10.968502
94,2,car,21.239780,5.250000,3.141593,5.999749
94,3,car,49.647045,1.750000,3.141593,8.337086
94,4,pedestrian,-39.284649,8.000000,3.141593,1.562109
94,5,pedestrian,-52.735706,-8.000000,0.000000,0.584617
94,6,pedestrian,8.000000,24.419863,-1.570796,1.748664
94,7,pedestrian,8.000000,-31.642696,-1.570796,0.501168
95,0,car,53.028572,5.250000,3.141593,6.834348
95,1,car,38.946339,5.250000,3.141593,10.968502
95,2,car,21.239780,5.250000,3.141593,5.999749
95,3,car,49.647045,1.750000,3.141593,8.337086
95,4,pedestrian,-39.284649,8.000000,3.141593,1.562109
95,5,pedestrian,-52.735706,-8.000000,0.000000,0.584617
95,6,pedestrian,8.000000,24.419863,-1.570796,1.748664
95,7,pedestrian,8.000000,-31.642696,-1.570796,0.501168
96,0,car,53.028572,5.250000,3.141593,6.834348
96,1,car,38.946339,5.250000,3.141593,10.968502
96,2,car,21.239780,5.250000,3.141593,5.999749
96,3,car,49.647045,1.750000,3.141593,8.337086
96,4,pedestrian,-39.284649,8.000000,3.141593,1.562109
96,5,pedestrian,-52.735706,-8.000000,0.000000,0.584617
96,6,pedestrian,8.000000,24.419863,-1.570796,1.748664
96,7,pedestrian,8.000000,-31.642696,-1.570796,0.501168
97,0,car,53.028572,5.250000,3.141593,6.834348
97,1,car,38.946339,5.250000,3.141593,10.968502
97,2,car,21.239780,5.250000,3.141593,5.999749
97,3,car,49.647045,1.750000,3.141593,8.337086
97,4,pedestrian,-39.284649,8.000000,3.141593,1.562109
97,5,pedestrian,-52.735706,-8.000000,0.000000,0.584617
97,6,pedestrian,8.000000,24.419863,-1.570796,1.748664
97,7,pedestrian,8.000000,-31.642696,-1.570796,0.501168
98,0,car,53.028572,5.250000,3.141593,6.834348
98,1,car,38.946339,5.250000,3.141593,10.968502
98,2,car,21.239780,5.250000,3.141593,5.999749
98,3,car,49.647045,1.750000,3.141593,8.337086
98,4,pedestrian,-39.284649,8.000000,3.141593,1.562109
98,5,pedestrian,-52.735706,-8.000000,0.000000,0.584617
98,6,pedestrian,8.000000,24.419863,-1.570796,1.748664
98,7,pedestrian,8.000000,-31.642696,-1.570796,0.501168
99,0,car,53.028572,5.250000,3.141593,6.834348
99,1,car,38.946339,5.250000,3.141593,10.968502
99,2,car,21.239780,5.250000,3.141593,5.999749
99,3,car,49.647045,1.750000,3.141593,8.337086
99,4,pedestrian,-39.284649,8.000000,3.141593,1.562109
99,5,pedestrian,-52.735706,-8.000000,0.000000,0.584617
99,6,pedestrian,8.000000,24.419863,-1.570796,1.748664
99,7,pedestrian,8.000000,-31.642696,-1.570796,0.501168
